"","rbd","nom_rbd","latitud","longitud","latitud_gps","longitud_gps","prom_lect4b_rbd","prom_mate4b_rbd","COD_DEPE","alu_vul","alu_mat","PAGO_MATRICULA","PAGO_MENSUAL"
"1",5569,"LICEO GABRIELA MISTRAL DE TEMUCO",709172.732539457,5709286.88571856,-38.740345,-72.593307,263,248,2,16,22,"GRATUITO","GRATUITO"
"2",5575,"ESCUELA ARTURO PRAT",709749.736633003,5709247.96283848,-38.740559,-72.586662,254,235,2,36,37,"GRATUITO","GRATUITO"
"3",5578,"ESCUELA LLAIMA",706762.92781399,5709918.46451145,-38.735226,-72.621201,290,283,2,112,139,"GRATUITO","GRATUITO"
"4",5580,"ESCUELA CAMPOS DEPORTIVOS",707096.952930059,5710716.44084812,-38.727962,-72.617599,280,260,2,91,99,"GRATUITO","GRATUITO"
"5",5582,"ESCUELA STANDAR",710303.505549081,5710112.47452899,-38.732643,-72.580559,240,223,2,21,24,"GRATUITO","GRATUITO"
"6",5583,"ESCUELA SANTA ROSA",711144.151128058,5709851.67280023,-38.734791,-72.570816,256,250,2,21,22,"GRATUITO","GRATUITO"
"7",5585,"ESCUELA VILLA ALEGRE",707216.442692936,5711226.81578665,-38.723339,-72.616379,276,246,2,15,15,"GRATUITO","GRATUITO"
"8",5588,"ESCUELA MANUEL RECABARREN",706234.662952785,5707309.68094141,-38.758839,-72.626495,264,237,2,17,19,"GRATUITO","GRATUITO"
"9",5589,"ESCUELA MILLARAY",706581.927971071,5709644.39432912,-38.737736,-72.623199,270,254,2,37,51,"GRATUITO","GRATUITO"
"10",5590,"COMPLEJO EDUC. UN AMANECER EN LA ARAUCA",706598.071785181,5707354.47200143,-38.75835,-72.62233,255,219,2,26,26,"GRATUITO","GRATUITO"
"11",5592,"ESCUELA ANDRES BELLO",708413.39964962,5708927.20898311,-38.743763,-72.601929,280,274,2,13,15,"GRATUITO","GRATUITO"
"12",5596,"COLEGIO MUNDO MAGICO",707159.092013989,5708999.38628,-38.743408,-72.616371,284,259,2,70,89,"GRATUITO","GRATUITO"
"13",5597,"COLEGIO ALONSO DE ERCILLA",711830.869170544,5711464.17930556,-38.720108,-72.563416,286,278,2,41,51,"GRATUITO","GRATUITO"
"14",5601,"ESCUELA MUNICIPAL EL TRENCITO",710170.544616351,5709099.57966446,-38.741795,-72.581779,257,268,2,15,15,"GRATUITO","GRATUITO"
"15",5604,"ESCUELA PEDRO DE VALDIVIA",707565.32273619,5710809.30547,-38.727016,-72.612244,281,254,2,13,14,"GRATUITO","GRATUITO"
"16",5606,"ESCUELA VILLA CAROLINA",706780.892864714,5711784.67554229,-38.718418,-72.621552,246,235,2,32,32,"GRATUITO","GRATUITO"
"17",5608,"ESCUELA LOS AVELLANOS",707688.700640759,5708188.64402166,-38.750584,-72.610039,283,272,2,19,23,"GRATUITO","GRATUITO"
"18",5611,"ESCUELA LOS TRIGALES",705989.254547868,5710052.92724345,-38.734196,-72.630135,279,244,2,40,62,"GRATUITO","GRATUITO"
"19",5639,"ESCUELA LIRCAY",704626.27354987,5711764.10231,-38.719105,-72.646309,220,194,2,2,2,"GRATUITO","GRATUITO"
"20",5652,"COLEGIO PROVIDENCIA DE TEMUCO",710047.512098879,5710261.01362609,-38.731367,-72.583547,285,257,3,36,41,"GRATUITO","GRATUITO"
"21",5654,"INSTITUTO CLARET",710039.737810945,5709397.5182498,-38.739143,-72.583374,265,258,3,220,247,"GRATUITO","GRATUITO"
"22",5659,"ESCUELA Y LICEO MONTESSORI",709133.93568997,5709408.17979126,-38.739262,-72.59379,297,289,3,24,57,"GRATUITO","$25.001 A $50.000"
"23",5661,"LICEO ADVENTISTA DE TEMUCO",704053.599147276,5712120.15083263,-38.716031,-72.652996,275,256,3,54,73,"$1.000 A $10.000","$50.001 A $100.000"
"24",5664,"LICEO AUGUSTO WINTER",712215.605897604,5712188.87887918,-38.713491,-72.559216,291,274,3,41,44,"GRATUITO","GRATUITO"
"25",5668,"ESCUELA BASICA VISTA VERDE",704888.045283519,5707659.68728366,-38.756001,-72.642085,266,262,3,25,27,"GRATUITO","GRATUITO"
"26",5669,"COLEGIO MADRE ADMIRABLE DE SCHOENSTATT",710786.42564272,5710278.42873195,-38.731034,-72.575058,306,279,3,26,35,"GRATUITO","GRATUITO"
"27",5670,"COLEGIO SAN FRANCISCO",708591.54534478,5709702.81432899,-38.736737,-72.600114,271,253,3,38,55,"GRATUITO","$25.001 A $50.000"
"28",5675,"ESCUELA PARTICULAR ARTURO ARRIAGADA",706322.045761467,5707937.26009355,-38.753168,-72.625678,300,234,3,7,7,"GRATUITO","GRATUITO"
"29",5680,"ESC.PART.SAN FRANCISCO DE ASIS DE TEMUC",707565.743476725,5709207.25501814,-38.741441,-72.611758,287,274,3,50,67,"GRATUITO","GRATUITO"
"30",5682,"ESCUELA PARTICULAR FRANCIA",709607.029146257,5709090.27833699,-38.742012,-72.588255,285,259,3,32,35,"GRATUITO","GRATUITO"
"31",5684,"ESCUELA PART. WENCESLAO VALDIVIA",710447.326991203,5708836.16255305,-38.7441,-72.578517,245,259,3,6,6,"GRATUITO","GRATUITO"
"32",5686,"ESCUELA PARTICULAR EL ROBLE",706342.465439118,5710444.82934662,-38.730585,-72.626191,258,227,3,9,10,"GRATUITO","GRATUITO"
"33",5690,"ESCUELA PARTICULAR LA ESPIGA",707849.345639326,5710612.96876623,-38.728717,-72.60892,212,197,3,18,18,"GRATUITO","GRATUITO"
"34",5693,"ESCUELA PARTICULAR ESTRELLA DE BELEN",710092.335557327,5708823.62879356,-38.744298,-72.582595,217,198,3,4,5,"GRATUITO","GRATUITO"
"35",5694,"ESCUELA PARTICULAR ALIANZA",711481.593287299,5710297.21406923,-38.730699,-72.567073,262,210,3,2,2,"GRATUITO","GRATUITO"
"36",5697,"ESCUELA PARTICULAR LAS AMERICAS",706885.230528194,5711843.04696078,-38.717868,-72.62037,264,239,3,34,35,"GRATUITO","GRATUITO"
"37",5698,"ESCUELA PARTICULAR ARAUCANIA",710737.768861955,5709547.12411287,-38.73763,-72.575395,268,250,3,17,20,"GRATUITO","GRATUITO"
"38",5703,"LICEO TECNICO PROF. CENTENARIO",711081.845260503,5709269.76862265,-38.740045,-72.571355,275,262,3,33,33,"GRATUITO","GRATUITO"
"39",5706,"ESCUELA PARTICULAR SAN JUAN",711763.855734092,5710096.60854635,-38.732437,-72.563767,264,256,3,26,29,"GRATUITO","GRATUITO"
"40",5709,"ESCUELA PARTICULAR LOS TRIGALES",707345.595428785,5709903.66840089,-38.735222,-72.614498,227,218,3,13,14,"GRATUITO","GRATUITO"
"41",5713,"COLEGIO PARTICULAR I. CULTURA BRITANICA",709925.211848365,5709618.50042788,-38.737181,-72.584757,277,253,3,19,22,"GRATUITO","$25.001 A $50.000"
"42",5714,"ESCUELA PART.SANTA MARIA DE LA RIBERA",712266.312960317,5710957.05114622,-38.72457,-72.558256,273,268,3,15,16,"GRATUITO","GRATUITO"
"43",5717,"ESCUELA PARTICULAR CLAUDIO MATTE",706165.946163672,5711097.65913476,-38.724748,-72.628415,312,289,3,41,43,"GRATUITO","GRATUITO"
"44",5726,"COLEGIO MANUEL MONTT",710385.046175251,5709327.85943429,-38.739688,-72.579383,279,250,3,34,34,"GRATUITO","GRATUITO"
"45",5746,"ESCUELA PARTICULAR MONO PAINE",706884.506968274,5711985.93442525,-38.716582,-72.620421,256,209,3,28,28,"GRATUITO","GRATUITO"
"46",5782,"ESCUELA PARTICULAR SIGLO XXI",708527.75720559,5709970.26997038,-38.734344,-72.600928,252,249,3,48,58,"GRATUITO","GRATUITO"
"47",5808,"COLEGIO DE LA SALLE",709692.225113325,5709302.52625762,-38.740081,-72.58734,299,286,4,5,50,"MAS DE $100.000","MAS DE $100.000"
"48",5810,"COLEGIO BAUTISTA",708468.608961401,5709378.56519038,-38.739686,-72.60143,315,299,4,7,69,"MAS DE $100.000","MAS DE $100.000"
"49",5812,"COLEGIO ALEMAN",707298.139425072,5709725.13288566,-38.736841,-72.61499,316,304,4,1,64,"MAS DE $100.000","MAS DE $100.000"
"50",5813,"COLEGIO CENTENARIO",707725.769239237,5709131.0345124,-38.74209,-72.609896,301,309,3,19,99,"GRATUITO","$50.001 A $100.000"
"51",5814,"COLEGIO SANTA CRUZ",709411.507654523,5709584.98537289,-38.737604,-72.590653,287,265,3,35,64,"$1.000 A $10.000","$50.001 A $100.000"
"52",5816,"COLEGIO METODISTA",709610.395154138,5709357.84902163,-38.739602,-72.588297,285,282,3,23,35,"GRATUITO","$50.001 A $100.000"
"53",11465,"COLEGIO LATINOAMERICANO",711764.24536631,5709770.80859912,-38.73537,-72.563663,269,237,3,3,3,"GRATUITO","GRATUITO"
"54",19908,"GREEN HOUSE SCHOOL",705526.378801083,5709326.97941821,-38.74084,-72.63524,310,323,4,0,68,"MAS DE $100.000","MAS DE $100.000"
"55",19923,"ESCUELA NRO 15 AMI",710195.94855368,5708799.29608546,-38.744492,-72.581396,267,255,3,11,12,"GRATUITO","GRATUITO"
"56",19944,"ESCUELA PARTICULAR ALFA Y OMEGA",706354.275011542,5710640.67870795,-38.728818,-72.626114,276,272,3,5,5,"GRATUITO","GRATUITO"
"57",19981,"COLEGIO NUEVA CONCEPCION",706862.846007896,5709980.65913438,-38.734642,-72.620071,302,292,3,9,33,"$1.000 A $10.000","$50.001 A $100.000"
"58",19983,"ESCUELA BASICA PARTICULAR EMPRENDER",705192.302061494,5707236.41827114,-38.759741,-72.63846,266,271,3,67,73,"GRATUITO","GRATUITO"
"59",20016,"COLEGIO DE APLICACION",706537.762890767,5712296.49528284,-38.713867,-72.624498,253,231,3,52,52,"GRATUITO","GRATUITO"
"60",20025,"ESCUELA ARTISTICA ARMANDO DUFEY BLANC",706594.537016308,5709127.81434725,-38.742384,-72.6229,285,261,2,42,64,"GRATUITO","GRATUITO"
"61",20048,"COLEGIO SCOLE CREARE",706703.40852807,5710571.49138135,-38.72936,-72.62208,290,283,3,31,51,"$50.001 A $100.000","$50.001 A $100.000"
"62",20085,"COLEGIO GOLDEN SCHOOL",705346.252663244,5711361.62895185,-38.722562,-72.637915,299,276,3,9,13,"GRATUITO","$50.001 A $100.000"
"63",20091,"COLEGIO PUMAHUE",704155.72469751,5709434.6943006,-38.740188,-72.65103,306,306,4,4,64,"MAS DE $100.000","MAS DE $100.000"
"64",20096,"COLEGIO BETANIA",710640.545302666,5711149.45823999,-38.723226,-72.577,276,263,3,31,33,"GRATUITO","GRATUITO"
"65",20100,"COLEGIO CONGREGACIÓN OLIVOS",711513.079864158,5710358.41864399,-38.73014,-72.56673,257,243,3,24,25,"GRATUITO","GRATUITO"
"66",20122,"ESCUELA TRANI-TRANI",709904.245522403,5710113.65913432,-38.732727,-72.585149,260,244,3,10,10,"GRATUITO","GRATUITO"
"67",20129,"ESCUELA GRACIA Y PAZ",708644.845723608,5710086.45872366,-38.733271,-72.599617,292,287,3,13,17,"GRATUITO","GRATUITO"
"68",20137,"COLEGIO INNOV-ARTE",704023.016949968,5712268.57328086,-38.714702,-72.653391,290,270,3,53,61,"GRATUITO","$10.001 A $25.000"
"69",20140,"ESCUELA PART. APRENDIENDO A VIVIR",711350.733633448,5709916.9078921,-38.734154,-72.568461,274,266,3,18,21,"GRATUITO","GRATUITO"
"70",20173,"LICEO HUMANISTA CIENTIFICO BRAINSTORM",704108.146373753,5707450.05917664,-38.758069,-72.650991,269,252,3,66,81,"GRATUITO","GRATUITO"
"71",20180,"ESC.CRISTIANA DESARROLLO INTEGRAL",708019.663279769,5709008.70708557,-38.743122,-72.60648,297,270,3,38,38,"GRATUITO","GRATUITO"
"72",20181,"COLEGIO SAINT PATRICK SCHOOL",708586.94567241,5710259.35942514,-38.731728,-72.600335,311,298,3,15,49,"GRATUITO","MAS DE $100.000"
"73",20212,"COLEGIO HEBREO",707972.545494912,5709957.15851081,-38.734593,-72.607307,282,263,3,20,31,"GRATUITO","GRATUITO"
"74",20218,"ESCUELA PART. TEMUCO COLLEGE",707756.055279906,5709595.83833595,-38.737898,-72.609687,282,252,3,10,24,"GRATUITO","$25.001 A $50.000"
"75",20226,"COLEGIO NEWHARVEST",711943.280697899,5710961.23139946,-38.724609,-72.56197,273,257,3,51,58,"GRATUITO","GRATUITO"
"76",20235,"GEORGE CHAYTOR ENGLISH COLLEGE",704813.967450621,5709899.66019224,-38.735849,-72.6436,296,285,4,6,69,"MAS DE $100.000","MAS DE $100.000"
"77",20265,"COLEGIO LOS ROBLES",710284.120139786,5708626.72474752,-38.746025,-72.58033,271,256,3,55,57,"GRATUITO","GRATUITO"
"78",20274,"COLEGIO FOR LIFE",703634.791413034,5707638.11500918,-38.756485,-72.65649,272,238,3,36,41,"GRATUITO","GRATUITO"
